{"0":{"receptions":73.724025974,"targets":113.3311688312,"receiving_yards":962.6980519481,"receiving_tds":6.0227272727,"receiving_fumbles":0.7857142857,"receiving_fumbles_lost":0.4285714286,"receiving_air_yards":1219.8441558442,"receiving_yards_after_catch":325.7694805195,"receiving_first_downs":46.3279220779,"receiving_epa":34.9630164502,"receiving_2pt_conversions":0.3019480519,"target_share":3.405733298,"air_yards_share":4.5977696553,"tgt_sh":0.2143874338,"ay_sh":0.2904096624,"yac_sh":0.1821871981,"games":15.2272727273},"1":{"receptions":26.4431599229,"targets":43.098265896,"receiving_yards":322.2716763006,"receiving_tds":1.880539499,"receiving_fumbles":0.2986512524,"receiving_fumbles_lost":0.1599229287,"receiving_air_yards":460.0520231214,"receiving_yards_after_catch":111.506743738,"receiving_first_downs":15.4431599229,"receiving_epa":6.5875561436,"receiving_2pt_conversions":0.098265896,"target_share":1.3164991915,"air_yards_share":1.7710394706,"tgt_sh":0.1044076759,"ay_sh":0.1415895408,"yac_sh":0.0815800796,"games":11.8747591522}}