{"0":{"completions":166.4666666667,"attempts":261.7333333333,"passing_yards":1786.7666666667,"passing_tds":9.6333333333,"interceptions":5.7666666667,"sacks":22.6333333333,"sack_fumbles":2.5333333333,"sack_fumbles_lost":1.1333333333,"passing_air_yards":2005.2666666667,"passing_yards_after_catch":868.3333333333,"passing_first_downs":84.3666666667,"passing_epa":-11.4619893425,"passing_2pt_conversions":0.5,"games":10.6666666667},"1":{"completions":339.4772727273,"attempts":518.7045454545,"passing_yards":3753.8409090909,"passing_tds":23.6590909091,"interceptions":10.9318181818,"sacks":35.1590909091,"sack_fumbles":4.8863636364,"sack_fumbles_lost":2.2954545455,"passing_air_yards":4020.7954545455,"passing_yards_after_catch":1764.1363636364,"passing_first_downs":178.1590909091,"passing_epa":30.8513914028,"passing_2pt_conversions":1.1818181818,"games":15.6136363636}}