{"0":{"receptions":26.4446952596,"targets":42.9097065463,"receiving_yards":321.8216704289,"receiving_tds":1.835214447,"receiving_fumbles":0.2911963883,"receiving_fumbles_lost":0.1625282167,"receiving_air_yards":455.5124153499,"receiving_yards_after_catch":111.072234763,"receiving_first_downs":15.4266365688,"receiving_epa":6.739412095,"receiving_2pt_conversions":0.0970654628,"target_share":1.3101665102,"air_yards_share":1.7658687105,"tgt_sh":0.103258637,"ay_sh":0.1400363234,"yac_sh":0.0813313551,"games":11.9074492099},"1":{"receptions":74.3803921569,"targets":114.2901960784,"receiving_yards":969.5058823529,"receiving_tds":6.0156862745,"receiving_fumbles":0.7843137255,"receiving_fumbles_lost":0.4196078431,"receiving_air_yards":1225.5294117647,"receiving_yards_after_catch":328.1254901961,"receiving_first_downs":46.5333333333,"receiving_epa":34.898267646,"receiving_2pt_conversions":0.2980392157,"target_share":3.4511394398,"air_yards_share":4.6589825723,"tgt_sh":0.216098216,"ay_sh":0.2928474087,"yac_sh":0.1847090374,"games":15.2745098039}}